datetime,aggregate,tv,fridge,washing_machine
2024-07-23 17:52:19+00:00,112.0,40.0,72.0,0.0
2024-07-23 17:52:20+00:00,120.0,51.0,69.0,0.0
2024-07-23 17:52:21+00:00,111.0,44.0,67.0,0.0
2024-07-23 17:52:22+00:00,113.0,46.0,67.0,0.0
2024-07-23 17:52:23+00:00,112.0,44.0,68.0,0.0
2024-07-23 17:52:24+00:00,112.0,39.0,73.0,0.0
2024-07-23 17:52:25+00:00,139.0,67.0,72.0,0.0
2024-07-23 17:52:26+00:00,110.0,41.0,69.0,0.0
2024-07-23 17:52:27+00:00,110.0,42.0,68.0,0.0
2024-07-23 17:52:28+00:00,106.0,41.0,65.0,0.0
2024-07-23 17:52:29+00:00,112.0,45.0,67.0,0.0
2024-07-23 17:52:30+00:00,112.0,42.0,70.0,0.0
2024-07-23 17:52:31+00:00,111.0,43.0,68.0,0.0
2024-07-23 17:52:32+00:00,109.0,41.0,68.0,0.0
2024-07-23 17:52:33+00:00,113.0,45.0,68.0,0.0
2024-07-23 17:52:34+00:00,110.0,40.0,70.0,0.0
2024-07-23 17:52:35+00:00,112.0,40.0,72.0,0.0
2024-07-23 17:52:36+00:00,111.0,41.0,70.0,0.0
2024-07-23 17:52:37+00:00,105.0,39.0,66.0,0.0
2024-07-23 17:52:38+00:00,109.0,41.0,68.0,0.0
2024-07-23 17:52:39+00:00,117.0,49.0,68.0,0.0
2024-07-23 17:52:40+00:00,109.0,44.0,65.0,0.0
2024-07-23 17:52:41+00:00,111.0,42.0,69.0,0.0
2024-07-23 17:52:42+00:00,109.0,38.0,71.0,0.0
2024-07-23 17:52:43+00:00,111.0,44.0,67.0,0.0
2024-07-23 17:52:44+00:00,108.0,41.0,67.0,0.0
2024-07-23 17:52:45+00:00,108.0,38.0,70.0,0.0
2024-07-23 17:52:46+00:00,115.0,47.0,68.0,0.0
2024-07-23 17:52:47+00:00,111.0,44.0,67.0,0.0
2024-07-23 17:52:48+00:00,112.0,43.0,69.0,0.0
2024-07-23 17:52:49+00:00,110.0,39.0,71.0,0.0
2024-07-23 17:52:50+00:00,111.0,43.0,68.0,0.0
2024-07-23 17:52:51+00:00,108.0,42.0,66.0,0.0
2024-07-23 17:52:52+00:00,112.0,42.0,70.0,0.0
2024-07-23 17:52:53+00:00,112.0,40.0,72.0,0.0
2024-07-23 17:52:54+00:00,110.0,41.0,69.0,0.0
2024-07-23 17:52:55+00:00,107.0,40.0,67.0,0.0
2024-07-23 17:52:56+00:00,130.0,56.0,74.0,0.0
2024-07-23 17:52:57+00:00,114.0,44.0,70.0,0.0
2024-07-23 17:52:58+00:00,110.0,43.0,67.0,0.0
2024-07-23 17:52:59+00:00,117.0,50.0,67.0,0.0
2024-07-23 17:53:00+00:00,113.0,43.0,70.0,0.0
2024-07-23 17:53:01+00:00,117.0,48.0,69.0,0.0
2024-07-23 17:53:02+00:00,108.0,41.0,67.0,0.0
2024-07-23 17:53:03+00:00,110.0,42.0,68.0,0.0
2024-07-23 17:53:04+00:00,127.0,53.0,74.0,0.0
2024-07-23 17:53:05+00:00,116.0,50.0,66.0,0.0
2024-07-23 17:53:06+00:00,110.0,41.0,69.0,0.0
2024-07-23 17:53:07+00:00,120.0,52.0,68.0,0.0
2024-07-23 17:53:08+00:00,124.0,55.0,69.0,0.0
2024-07-23 17:53:09+00:00,115.0,44.0,71.0,0.0
2024-07-23 17:53:10+00:00,135.0,64.0,71.0,0.0
2024-07-23 17:53:11+00:00,106.0,41.0,65.0,0.0
2024-07-23 17:53:12+00:00,110.0,42.0,68.0,0.0
2024-07-23 17:53:13+00:00,126.0,54.0,72.0,0.0
2024-07-23 17:53:14+00:00,111.0,43.0,68.0,0.0
2024-07-23 17:53:15+00:00,116.0,49.0,67.0,0.0
2024-07-23 17:53:16+00:00,147.0,78.0,69.0,0.0
2024-07-23 17:53:17+00:00,115.0,47.0,68.0,0.0
2024-07-23 17:53:18+00:00,109.0,42.0,67.0,0.0
2024-07-23 17:53:19+00:00,115.0,44.0,71.0,0.0
2024-07-23 17:53:20+00:00,109.0,39.0,70.0,0.0
2024-07-23 17:53:21+00:00,130.0,64.0,66.0,0.0
2024-07-23 17:53:22+00:00,123.0,57.0,66.0,0.0
2024-07-23 17:53:23+00:00,107.0,38.0,69.0,0.0
2024-07-23 17:53:24+00:00,139.0,70.0,69.0,0.0
2024-07-23 17:53:25+00:00,108.0,42.0,66.0,0.0
2024-07-23 17:53:26+00:00,121.0,51.0,70.0,0.0
2024-07-23 17:53:27+00:00,108.0,38.0,70.0,0.0
2024-07-23 17:53:28+00:00,124.0,56.0,68.0,0.0
2024-07-23 17:53:29+00:00,127.0,61.0,66.0,0.0
2024-07-23 17:53:30+00:00,117.0,46.0,71.0,0.0
2024-07-23 17:53:31+00:00,113.0,43.0,70.0,0.0
2024-07-23 17:53:32+00:00,112.0,44.0,68.0,0.0
2024-07-23 17:53:33+00:00,112.0,43.0,69.0,0.0
2024-07-23 17:53:34+00:00,114.0,41.0,73.0,0.0
2024-07-23 17:53:35+00:00,113.0,45.0,68.0,0.0
2024-07-23 17:53:36+00:00,110.0,44.0,66.0,0.0
2024-07-23 17:53:37+00:00,110.0,39.0,71.0,0.0
2024-07-23 17:53:38+00:00,113.0,44.0,69.0,0.0
2024-07-23 17:53:39+00:00,127.0,60.0,67.0,0.0
2024-07-23 17:53:40+00:00,106.0,38.0,68.0,0.0
2024-07-23 17:53:41+00:00,109.0,39.0,70.0,0.0
2024-07-23 17:53:42+00:00,114.0,46.0,68.0,0.0
2024-07-23 17:53:43+00:00,114.0,44.0,70.0,0.0
2024-07-23 17:53:44+00:00,108.0,39.0,69.0,0.0
2024-07-23 17:53:45+00:00,107.0,39.0,68.0,0.0
2024-07-23 17:53:46+00:00,111.0,45.0,66.0,0.0
2024-07-23 17:53:47+00:00,115.0,44.0,71.0,0.0
2024-07-23 17:53:48+00:00,106.0,36.0,70.0,0.0
2024-07-23 17:53:49+00:00,108.0,42.0,66.0,0.0
2024-07-23 17:53:50+00:00,143.0,73.0,70.0,0.0
2024-07-23 17:53:51+00:00,111.0,43.0,68.0,0.0
2024-07-23 17:53:52+00:00,116.0,50.0,66.0,0.0
2024-07-23 17:53:53+00:00,109.0,39.0,70.0,0.0
2024-07-23 17:53:54+00:00,109.0,40.0,69.0,0.0
2024-07-23 17:53:55+00:00,111.0,44.0,67.0,0.0
2024-07-23 17:53:56+00:00,124.0,52.0,72.0,0.0
2024-07-23 17:53:57+00:00,117.0,49.0,68.0,0.0
2024-07-23 17:53:58+00:00,110.0,42.0,68.0,0.0
2024-07-23 17:53:59+00:00,110.0,44.0,66.0,0.0
2024-07-23 17:54:00+00:00,110.0,43.0,67.0,0.0
2024-07-23 17:54:01+00:00,108.0,39.0,69.0,0.0
2024-07-23 17:54:02+00:00,110.0,43.0,67.0,0.0
2024-07-23 17:54:03+00:00,114.0,46.0,68.0,0.0
2024-07-23 17:54:04+00:00,141.0,74.0,67.0,0.0
2024-07-23 17:54:05+00:00,110.0,40.0,70.0,0.0
2024-07-23 17:54:06+00:00,115.0,45.0,70.0,0.0
2024-07-23 17:54:07+00:00,112.0,42.0,70.0,0.0
2024-07-23 17:54:08+00:00,112.0,46.0,66.0,0.0
2024-07-23 17:54:09+00:00,116.0,48.0,68.0,0.0
2024-07-23 17:54:10+00:00,109.0,38.0,71.0,0.0
2024-07-23 17:54:11+00:00,106.0,37.0,69.0,0.0
2024-07-23 17:54:12+00:00,140.0,72.0,68.0,0.0
2024-07-23 17:54:13+00:00,114.0,46.0,68.0,0.0
2024-07-23 17:54:14+00:00,112.0,42.0,70.0,0.0
2024-07-23 17:54:15+00:00,110.0,38.0,72.0,0.0
2024-07-23 17:54:16+00:00,118.0,47.0,71.0,0.0
2024-07-23 17:54:17+00:00,112.0,44.0,68.0,0.0
2024-07-23 17:54:18+00:00,110.0,41.0,69.0,0.0
2024-07-23 17:54:19+00:00,111.0,40.0,71.0,0.0
2024-07-23 17:54:20+00:00,119.0,47.0,72.0,0.0
2024-07-23 17:54:21+00:00,120.0,51.0,69.0,0.0
2024-07-23 17:54:22+00:00,104.0,40.0,64.0,0.0
2024-07-23 17:54:23+00:00,107.0,39.0,68.0,0.0
2024-07-23 17:54:24+00:00,115.0,42.0,73.0,0.0
2024-07-23 17:54:25+00:00,112.0,42.0,70.0,0.0
2024-07-23 17:54:26+00:00,119.0,51.0,68.0,0.0
2024-07-23 17:54:27+00:00,114.0,45.0,69.0,0.0
2024-07-23 17:54:28+00:00,121.0,48.0,73.0,0.0
2024-07-23 17:54:29+00:00,111.0,46.0,65.0,0.0
2024-07-23 17:54:30+00:00,132.0,66.0,66.0,0.0
2024-07-23 17:54:31+00:00,111.0,40.0,71.0,0.0
2024-07-23 17:54:32+00:00,112.0,45.0,67.0,0.0
2024-07-23 17:54:33+00:00,116.0,51.0,65.0,0.0
2024-07-23 17:54:34+00:00,116.0,47.0,69.0,0.0
2024-07-23 17:54:35+00:00,121.0,53.0,68.0,0.0
2024-07-23 17:54:36+00:00,117.0,50.0,67.0,0.0
2024-07-23 17:54:37+00:00,122.0,53.0,69.0,0.0
2024-07-23 17:54:38+00:00,115.0,48.0,67.0,0.0
2024-07-23 17:54:39+00:00,117.0,49.0,68.0,0.0
2024-07-23 17:54:40+00:00,124.0,57.0,67.0,0.0
2024-07-23 17:54:41+00:00,113.0,46.0,67.0,0.0
2024-07-23 17:54:42+00:00,111.0,41.0,70.0,0.0
2024-07-23 17:54:43+00:00,108.0,40.0,68.0,0.0
2024-07-23 17:54:44+00:00,112.0,47.0,65.0,0.0
2024-07-23 17:54:45+00:00,110.0,39.0,71.0,0.0
2024-07-23 17:54:46+00:00,116.0,49.0,67.0,0.0
2024-07-23 17:54:47+00:00,106.0,41.0,65.0,0.0
2024-07-23 17:54:48+00:00,107.0,39.0,68.0,0.0
2024-07-23 17:54:49+00:00,107.0,37.0,70.0,0.0
2024-07-23 17:54:50+00:00,109.0,43.0,66.0,0.0
2024-07-23 17:54:51+00:00,106.0,41.0,65.0,0.0
2024-07-23 17:54:52+00:00,114.0,48.0,66.0,0.0
2024-07-23 17:54:53+00:00,123.0,53.0,70.0,0.0
2024-07-23 17:54:54+00:00,114.0,45.0,69.0,0.0
2024-07-23 17:54:55+00:00,108.0,42.0,66.0,0.0
2024-07-23 17:54:56+00:00,107.0,42.0,65.0,0.0
2024-07-23 17:54:57+00:00,106.0,41.0,65.0,0.0
2024-07-23 17:54:58+00:00,126.0,58.0,68.0,0.0
2024-07-23 17:54:59+00:00,109.0,40.0,69.0,0.0
2024-07-23 17:55:00+00:00,116.0,46.0,70.0,0.0
2024-07-23 17:55:01+00:00,105.0,39.0,66.0,0.0
2024-07-23 17:55:02+00:00,128.0,62.0,66.0,0.0
2024-07-23 17:55:03+00:00,114.0,47.0,67.0,0.0
2024-07-23 17:55:04+00:00,108.0,40.0,68.0,0.0
2024-07-23 17:55:05+00:00,114.0,46.0,68.0,0.0
2024-07-23 17:55:06+00:00,110.0,44.0,66.0,0.0
2024-07-23 17:55:07+00:00,111.0,43.0,68.0,0.0
2024-07-23 17:55:08+00:00,136.0,65.0,71.0,0.0
2024-07-23 17:55:09+00:00,116.0,49.0,67.0,0.0
2024-07-23 17:55:10+00:00,109.0,42.0,67.0,0.0
2024-07-23 17:55:11+00:00,110.0,42.0,68.0,0.0
2024-07-23 17:55:12+00:00,109.0,42.0,67.0,0.0
2024-07-23 17:55:13+00:00,119.0,50.0,69.0,0.0
2024-07-23 17:55:14+00:00,119.0,49.0,70.0,0.0
2024-07-23 17:55:15+00:00,110.0,42.0,68.0,0.0
2024-07-23 17:55:16+00:00,106.0,39.0,67.0,0.0
2024-07-23 17:55:17+00:00,109.0,42.0,67.0,0.0
2024-07-23 17:55:18+00:00,109.0,39.0,70.0,0.0
2024-07-23 17:55:19+00:00,117.0,47.0,70.0,0.0
2024-07-23 17:55:20+00:00,111.0,43.0,68.0,0.0
2024-07-23 17:55:20+00:00,110.0,43.0,67.0,0.0
2024-07-23 17:55:21+00:00,115.0,43.0,72.0,0.0
2024-07-23 17:55:22+00:00,107.0,39.0,68.0,0.0
2024-07-23 17:55:23+00:00,107.0,41.0,66.0,0.0
2024-07-23 17:55:24+00:00,126.0,59.0,67.0,0.0
2024-07-23 17:55:25+00:00,111.0,40.0,71.0,0.0
2024-07-23 17:55:26+00:00,104.0,37.0,67.0,0.0
2024-07-23 17:55:27+00:00,118.0,51.0,67.0,0.0
2024-07-23 17:55:28+00:00,130.0,61.0,69.0,0.0
2024-07-23 17:55:29+00:00,113.0,40.0,73.0,0.0
2024-07-23 17:55:30+00:00,107.0,40.0,67.0,0.0
2024-07-23 17:55:31+00:00,121.0,56.0,65.0,0.0
2024-07-23 17:55:32+00:00,114.0,47.0,67.0,0.0
2024-07-23 17:55:33+00:00,125.0,56.0,69.0,0.0
2024-07-23 17:55:34+00:00,107.0,40.0,67.0,0.0
2024-07-23 17:55:35+00:00,108.0,43.0,65.0,0.0
2024-07-23 17:55:36+00:00,120.0,48.0,72.0,0.0
2024-07-23 17:55:37+00:00,107.0,40.0,67.0,0.0
2024-07-23 17:55:38+00:00,104.0,40.0,64.0,0.0
2024-07-23 17:55:39+00:00,119.0,51.0,68.0,0.0
2024-07-23 17:55:40+00:00,112.0,45.0,67.0,0.0
2024-07-23 17:55:41+00:00,110.0,44.0,66.0,0.0
2024-07-23 17:55:42+00:00,113.0,40.0,73.0,0.0
2024-07-23 17:55:43+00:00,104.0,40.0,64.0,0.0
2024-07-23 17:55:44+00:00,126.0,57.0,69.0,0.0
2024-07-23 17:55:45+00:00,118.0,50.0,68.0,0.0
2024-07-23 17:55:46+00:00,108.0,41.0,67.0,0.0
2024-07-23 17:55:47+00:00,107.0,38.0,69.0,0.0
2024-07-23 17:55:48+00:00,107.0,42.0,65.0,0.0
2024-07-23 17:55:49+00:00,114.0,45.0,69.0,0.0
2024-07-23 17:55:50+00:00,103.0,39.0,64.0,0.0
2024-07-23 17:55:51+00:00,115.0,48.0,67.0,0.0
2024-07-23 17:55:52+00:00,119.0,51.0,68.0,0.0
2024-07-23 17:55:53+00:00,113.0,47.0,66.0,0.0
2024-07-23 17:55:54+00:00,105.0,38.0,67.0,0.0
2024-07-23 17:55:55+00:00,111.0,42.0,69.0,0.0
2024-07-23 17:55:56+00:00,110.0,41.0,69.0,0.0
2024-07-23 17:55:57+00:00,139.0,73.0,66.0,0.0
2024-07-23 17:55:58+00:00,110.0,42.0,68.0,0.0
2024-07-23 17:55:59+00:00,108.0,40.0,68.0,0.0
2024-07-23 17:56:00+00:00,110.0,40.0,70.0,0.0
2024-07-23 17:56:01+00:00,113.0,46.0,67.0,0.0
2024-07-23 17:56:02+00:00,108.0,40.0,68.0,0.0
2024-07-23 17:56:03+00:00,114.0,48.0,66.0,0.0
2024-07-23 17:56:04+00:00,105.0,41.0,64.0,0.0
2024-07-23 17:56:05+00:00,120.0,53.0,67.0,0.0
2024-07-23 17:56:06+00:00,108.0,40.0,68.0,0.0
2024-07-23 17:56:07+00:00,118.0,47.0,71.0,0.0
2024-07-23 17:56:08+00:00,117.0,51.0,66.0,0.0
2024-07-23 17:56:09+00:00,126.0,53.0,73.0,0.0
2024-07-23 17:56:10+00:00,126.0,56.0,70.0,0.0
2024-07-23 17:56:11+00:00,111.0,41.0,70.0,0.0
2024-07-23 17:56:12+00:00,110.0,42.0,68.0,0.0
2024-07-23 17:56:13+00:00,108.0,41.0,67.0,0.0
2024-07-23 17:56:14+00:00,117.0,43.0,74.0,0.0
2024-07-23 17:56:15+00:00,110.0,39.0,71.0,0.0
2024-07-23 17:56:16+00:00,106.0,39.0,67.0,0.0
2024-07-23 17:56:17+00:00,116.0,50.0,66.0,0.0
2024-07-23 17:56:18+00:00,117.0,46.0,71.0,0.0
2024-07-23 17:56:19+00:00,109.0,40.0,69.0,0.0
2024-07-23 17:56:20+00:00,108.0,41.0,67.0,0.0
2024-07-23 17:56:21+00:00,106.0,40.0,66.0,0.0
2024-07-23 17:56:22+00:00,113.0,43.0,70.0,0.0
2024-07-23 17:56:23+00:00,113.0,45.0,68.0,0.0
2024-07-23 17:56:24+00:00,108.0,43.0,65.0,0.0
2024-07-23 17:56:25+00:00,107.0,40.0,67.0,0.0
2024-07-23 17:56:26+00:00,110.0,41.0,69.0,0.0
2024-07-23 17:56:27+00:00,119.0,52.0,67.0,0.0
2024-07-23 17:56:28+00:00,103.0,38.0,65.0,0.0
2024-07-23 17:56:29+00:00,108.0,42.0,66.0,0.0
2024-07-23 17:56:30+00:00,113.0,40.0,73.0,0.0
2024-07-23 17:56:31+00:00,109.0,41.0,68.0,0.0
2024-07-23 17:56:32+00:00,111.0,44.0,67.0,0.0
2024-07-23 17:56:33+00:00,109.0,44.0,65.0,0.0
2024-07-23 17:56:34+00:00,108.0,40.0,68.0,0.0
2024-07-23 17:56:35+00:00,111.0,44.0,67.0,0.0
2024-07-23 17:56:36+00:00,103.0,37.0,66.0,0.0
2024-07-23 17:56:37+00:00,105.0,40.0,65.0,0.0
2024-07-23 17:56:38+00:00,106.0,39.0,67.0,0.0
2024-07-23 17:56:39+00:00,109.0,40.0,69.0,0.0
2024-07-23 17:56:40+00:00,116.0,40.0,76.0,0.0
2024-07-23 17:56:41+00:00,109.0,44.0,65.0,0.0
2024-07-23 17:56:42+00:00,105.0,39.0,66.0,0.0
2024-07-23 17:56:43+00:00,112.0,44.0,68.0,0.0
2024-07-23 17:56:44+00:00,112.0,43.0,69.0,0.0
2024-07-23 17:56:45+00:00,127.0,61.0,66.0,0.0
2024-07-23 17:56:46+00:00,108.0,40.0,68.0,0.0
2024-07-23 17:56:47+00:00,107.0,39.0,68.0,0.0
2024-07-23 17:56:48+00:00,113.0,47.0,66.0,0.0
2024-07-23 17:56:49+00:00,115.0,49.0,66.0,0.0
2024-07-23 17:56:50+00:00,106.0,38.0,68.0,0.0
2024-07-23 17:56:51+00:00,121.0,55.0,66.0,0.0
2024-07-23 17:56:52+00:00,113.0,47.0,66.0,0.0
2024-07-23 17:56:53+00:00,111.0,43.0,68.0,0.0
2024-07-23 17:56:54+00:00,119.0,51.0,68.0,0.0
2024-07-23 17:56:55+00:00,141.0,75.0,66.0,0.0
2024-07-23 17:56:56+00:00,108.0,43.0,65.0,0.0
2024-07-23 17:56:57+00:00,106.0,38.0,68.0,0.0
2024-07-23 17:56:58+00:00,117.0,47.0,70.0,0.0
2024-07-23 17:56:59+00:00,138.0,71.0,67.0,0.0
2024-07-23 17:57:00+00:00,134.0,68.0,66.0,0.0
2024-07-23 17:57:01+00:00,111.0,41.0,70.0,0.0
2024-07-23 17:57:02+00:00,105.0,40.0,65.0,0.0
2024-07-23 17:57:03+00:00,104.0,39.0,65.0,0.0
2024-07-23 17:57:04+00:00,113.0,46.0,67.0,0.0
2024-07-23 17:57:05+00:00,114.0,42.0,72.0,0.0
2024-07-23 17:57:06+00:00,105.0,39.0,66.0,0.0
2024-07-23 17:57:07+00:00,108.0,43.0,65.0,0.0
2024-07-23 17:57:08+00:00,122.0,54.0,68.0,0.0
2024-07-23 17:57:09+00:00,167.0,90.0,77.0,0.0
2024-07-23 17:57:10+00:00,105.0,40.0,65.0,0.0
2024-07-23 17:57:11+00:00,111.0,44.0,67.0,0.0
2024-07-23 17:57:12+00:00,110.0,41.0,69.0,0.0
2024-07-23 17:57:13+00:00,110.0,42.0,68.0,0.0
2024-07-23 17:57:14+00:00,106.0,41.0,65.0,0.0
2024-07-23 17:57:15+00:00,108.0,40.0,68.0,0.0
2024-07-23 17:57:16+00:00,104.0,38.0,66.0,0.0
2024-07-23 17:57:17+00:00,155.0,89.0,66.0,0.0
2024-07-23 17:57:18+00:00,111.0,42.0,69.0,0.0
2024-07-23 17:57:19+00:00,114.0,46.0,68.0,0.0
2024-07-23 17:57:20+00:00,103.0,38.0,65.0,0.0
2024-07-23 17:57:21+00:00,106.0,43.0,63.0,0.0
2024-07-23 17:57:22+00:00,116.0,51.0,65.0,0.0
2024-07-23 17:57:23+00:00,140.0,74.0,66.0,0.0
2024-07-23 17:57:24+00:00,107.0,39.0,68.0,0.0
2024-07-23 17:57:25+00:00,111.0,44.0,67.0,0.0
2024-07-23 17:57:26+00:00,108.0,44.0,64.0,0.0
2024-07-23 17:57:27+00:00,104.0,40.0,64.0,0.0
2024-07-23 17:57:28+00:00,109.0,41.0,68.0,0.0
2024-07-23 17:57:29+00:00,107.0,38.0,69.0,0.0
2024-07-23 17:57:30+00:00,112.0,45.0,67.0,0.0
2024-07-23 17:57:31+00:00,113.0,49.0,64.0,0.0
2024-07-23 17:57:32+00:00,109.0,45.0,64.0,0.0
2024-07-23 17:57:33+00:00,127.0,58.0,69.0,0.0
2024-07-23 17:57:34+00:00,118.0,47.0,71.0,0.0
2024-07-23 17:57:35+00:00,105.0,40.0,65.0,0.0
2024-07-23 17:57:36+00:00,106.0,42.0,64.0,0.0
2024-07-23 17:57:37+00:00,106.0,42.0,64.0,0.0
2024-07-23 17:57:38+00:00,114.0,45.0,69.0,0.0
2024-07-23 17:57:39+00:00,111.0,40.0,71.0,0.0
2024-07-23 17:57:40+00:00,111.0,45.0,66.0,0.0
2024-07-23 17:57:41+00:00,109.0,45.0,64.0,0.0
2024-07-23 17:57:42+00:00,114.0,47.0,67.0,0.0
2024-07-23 17:57:43+00:00,109.0,39.0,70.0,0.0
2024-07-23 17:57:44+00:00,107.0,40.0,67.0,0.0
2024-07-23 17:57:45+00:00,112.0,46.0,66.0,0.0
2024-07-23 17:57:46+00:00,111.0,44.0,67.0,0.0
2024-07-23 17:57:47+00:00,113.0,41.0,72.0,0.0
2024-07-23 17:57:48+00:00,110.0,42.0,68.0,0.0
2024-07-23 17:57:49+00:00,108.0,40.0,68.0,0.0
2024-07-23 17:57:50+00:00,134.0,66.0,68.0,0.0
2024-07-23 17:57:51+00:00,123.0,53.0,70.0,0.0
2024-07-23 17:57:52+00:00,108.0,43.0,65.0,0.0
2024-07-23 17:57:52+00:00,104.0,39.0,65.0,0.0
2024-07-23 17:57:53+00:00,105.0,40.0,65.0,0.0
2024-07-23 17:57:54+00:00,111.0,44.0,67.0,0.0
2024-07-23 17:57:55+00:00,115.0,45.0,70.0,0.0
2024-07-23 17:57:56+00:00,110.0,43.0,67.0,0.0
2024-07-23 17:57:57+00:00,129.0,61.0,68.0,0.0
2024-07-23 17:57:58+00:00,113.0,44.0,69.0,0.0
2024-07-23 17:57:59+00:00,109.0,41.0,68.0,0.0
2024-07-23 17:58:00+00:00,106.0,42.0,64.0,0.0
2024-07-23 17:58:01+00:00,105.0,38.0,67.0,0.0
2024-07-23 17:58:02+00:00,128.0,60.0,68.0,0.0
2024-07-23 17:58:03+00:00,107.0,41.0,66.0,0.0
2024-07-23 17:58:04+00:00,106.0,39.0,67.0,0.0
2024-07-23 17:58:05+00:00,121.0,51.0,70.0,0.0
2024-07-23 17:58:06+00:00,112.0,46.0,66.0,0.0
2024-07-23 17:58:07+00:00,106.0,42.0,64.0,0.0
2024-07-23 17:58:08+00:00,116.0,47.0,69.0,0.0
2024-07-23 17:58:09+00:00,129.0,55.0,74.0,0.0
2024-07-23 17:58:10+00:00,109.0,42.0,67.0,0.0
2024-07-23 17:58:11+00:00,110.0,44.0,66.0,0.0
2024-07-23 17:58:12+00:00,111.0,41.0,70.0,0.0
2024-07-23 17:58:13+00:00,109.0,42.0,67.0,0.0
2024-07-23 17:58:14+00:00,106.0,41.0,65.0,0.0
2024-07-23 17:58:15+00:00,111.0,44.0,67.0,0.0
2024-07-23 17:58:16+00:00,115.0,44.0,71.0,0.0
2024-07-23 17:58:17+00:00,108.0,41.0,67.0,0.0
2024-07-23 17:58:18+00:00,106.0,39.0,67.0,0.0
2024-07-23 17:58:19+00:00,112.0,44.0,68.0,0.0
2024-07-23 17:58:20+00:00,117.0,45.0,72.0,0.0
2024-07-23 17:58:21+00:00,107.0,41.0,66.0,0.0
2024-07-23 17:58:22+00:00,115.0,49.0,66.0,0.0
2024-07-23 17:58:23+00:00,119.0,52.0,67.0,0.0
2024-07-23 17:58:24+00:00,113.0,42.0,71.0,0.0
2024-07-23 17:58:25+00:00,105.0,40.0,65.0,0.0
2024-07-23 17:58:26+00:00,108.0,41.0,67.0,0.0
2024-07-23 17:58:27+00:00,113.0,44.0,69.0,0.0
2024-07-23 17:58:28+00:00,114.0,46.0,68.0,0.0
2024-07-23 17:58:29+00:00,107.0,42.0,65.0,0.0
2024-07-23 17:58:30+00:00,109.0,40.0,69.0,0.0
2024-07-23 17:58:31+00:00,109.0,42.0,67.0,0.0
2024-07-23 17:58:32+00:00,109.0,45.0,64.0,0.0
2024-07-23 17:58:33+00:00,110.0,40.0,70.0,0.0
2024-07-23 17:58:34+00:00,113.0,47.0,66.0,0.0
2024-07-23 17:58:35+00:00,130.0,65.0,65.0,0.0
2024-07-23 17:58:36+00:00,117.0,47.0,70.0,0.0
2024-07-23 17:58:37+00:00,107.0,41.0,66.0,0.0
2024-07-23 17:58:38+00:00,106.0,40.0,66.0,0.0
2024-07-23 17:58:39+00:00,114.0,45.0,69.0,0.0
2024-07-23 17:58:40+00:00,129.0,62.0,67.0,0.0
2024-07-23 17:58:41+00:00,110.0,41.0,69.0,0.0
2024-07-23 17:58:42+00:00,119.0,50.0,69.0,0.0
2024-07-23 17:58:43+00:00,127.0,60.0,67.0,0.0
2024-07-23 17:58:44+00:00,140.0,74.0,66.0,0.0
2024-07-23 17:58:45+00:00,107.0,39.0,68.0,0.0
2024-07-23 17:58:46+00:00,110.0,40.0,70.0,0.0
2024-07-23 17:58:47+00:00,110.0,41.0,69.0,0.0
2024-07-23 17:58:48+00:00,110.0,43.0,67.0,0.0
2024-07-23 17:58:49+00:00,110.0,40.0,70.0,0.0
2024-07-23 17:58:50+00:00,125.0,56.0,69.0,0.0
2024-07-23 17:58:51+00:00,111.0,43.0,68.0,0.0
2024-07-23 17:58:53+00:00,112.0,43.0,69.0,0.0
2024-07-23 17:58:54+00:00,109.0,40.0,69.0,0.0
2024-07-23 17:58:55+00:00,125.0,57.0,68.0,0.0
2024-07-23 17:58:56+00:00,106.0,40.0,66.0,0.0
2024-07-23 17:58:57+00:00,112.0,44.0,68.0,0.0
2024-07-23 17:58:58+00:00,113.0,42.0,71.0,0.0
2024-07-23 17:58:59+00:00,112.0,44.0,68.0,0.0
2024-07-23 17:59:00+00:00,106.0,39.0,67.0,0.0
2024-07-23 17:59:01+00:00,107.0,42.0,65.0,0.0
2024-07-23 17:59:02+00:00,115.0,46.0,69.0,0.0
2024-07-23 17:59:03+00:00,111.0,42.0,69.0,0.0
2024-07-23 17:59:04+00:00,106.0,39.0,67.0,0.0
2024-07-23 17:59:05+00:00,108.0,41.0,67.0,0.0
2024-07-23 17:59:06+00:00,110.0,43.0,67.0,0.0
2024-07-23 17:59:07+00:00,109.0,42.0,67.0,0.0
2024-07-23 17:59:08+00:00,115.0,41.0,74.0,0.0
2024-07-23 17:59:09+00:00,119.0,51.0,68.0,0.0
2024-07-23 17:59:10+00:00,111.0,44.0,67.0,0.0
2024-07-23 17:59:11+00:00,135.0,67.0,68.0,0.0
2024-07-23 17:59:12+00:00,127.0,56.0,71.0,0.0
2024-07-23 17:59:13+00:00,118.0,49.0,69.0,0.0
2024-07-23 17:59:14+00:00,108.0,39.0,69.0,0.0
2024-07-23 17:59:15+00:00,111.0,44.0,67.0,0.0
2024-07-23 17:59:16+00:00,109.0,39.0,70.0,0.0
2024-07-23 17:59:17+00:00,112.0,42.0,70.0,0.0
2024-07-23 17:59:18+00:00,110.0,41.0,69.0,0.0
2024-07-23 17:59:19+00:00,130.0,64.0,66.0,0.0
2024-07-23 17:59:20+00:00,113.0,44.0,69.0,0.0
2024-07-23 17:59:21+00:00,114.0,45.0,69.0,0.0
2024-07-23 17:59:22+00:00,139.0,71.0,68.0,0.0
2024-07-23 17:59:22+00:00,115.0,47.0,68.0,0.0
2024-07-23 17:59:23+00:00,113.0,48.0,65.0,0.0
2024-07-23 17:59:24+00:00,113.0,45.0,68.0,0.0
2024-07-23 17:59:25+00:00,109.0,45.0,64.0,0.0
2024-07-23 17:59:26+00:00,128.0,60.0,68.0,0.0
2024-07-23 17:59:27+00:00,109.0,41.0,68.0,0.0
2024-07-23 17:59:28+00:00,119.0,50.0,69.0,0.0
2024-07-23 17:59:29+00:00,107.0,42.0,65.0,0.0
2024-07-23 17:59:30+00:00,119.0,49.0,70.0,0.0
2024-07-23 17:59:31+00:00,120.0,46.0,74.0,0.0
2024-07-23 17:59:32+00:00,111.0,44.0,67.0,0.0
2024-07-23 17:59:33+00:00,111.0,46.0,65.0,0.0
2024-07-23 17:59:34+00:00,111.0,42.0,69.0,0.0
2024-07-23 17:59:35+00:00,115.0,45.0,70.0,0.0
2024-07-23 17:59:36+00:00,106.0,39.0,67.0,0.0
2024-07-23 17:59:37+00:00,104.0,38.0,66.0,0.0
2024-07-23 17:59:38+00:00,114.0,43.0,71.0,0.0
2024-07-23 17:59:39+00:00,113.0,42.0,71.0,0.0
2024-07-23 17:59:40+00:00,110.0,41.0,69.0,0.0
2024-07-23 17:59:41+00:00,108.0,40.0,68.0,0.0
2024-07-23 17:59:42+00:00,114.0,45.0,69.0,0.0
2024-07-23 17:59:43+00:00,120.0,46.0,74.0,0.0
2024-07-23 17:59:44+00:00,108.0,39.0,69.0,0.0
2024-07-23 17:59:45+00:00,107.0,39.0,68.0,0.0
2024-07-23 17:59:46+00:00,111.0,42.0,69.0,0.0
2024-07-23 17:59:47+00:00,120.0,49.0,71.0,0.0
2024-07-23 17:59:48+00:00,116.0,49.0,67.0,0.0
2024-07-23 17:59:49+00:00,115.0,50.0,65.0,0.0
2024-07-23 17:59:50+00:00,114.0,46.0,68.0,0.0
2024-07-23 17:59:51+00:00,117.0,43.0,74.0,0.0
2024-07-23 17:59:52+00:00,127.0,61.0,66.0,0.0
2024-07-23 17:59:53+00:00,108.0,41.0,67.0,0.0
2024-07-23 17:59:54+00:00,123.0,54.0,69.0,0.0
2024-07-23 17:59:55+00:00,106.0,40.0,66.0,0.0
2024-07-23 17:59:56+00:00,117.0,47.0,70.0,0.0
2024-07-23 17:59:57+00:00,108.0,41.0,67.0,0.0
2024-07-23 17:59:58+00:00,109.0,41.0,68.0,0.0
2024-07-23 17:59:59+00:00,116.0,47.0,69.0,0.0
2024-07-23 18:00:00+00:00,108.0,41.0,67.0,0.0
2024-07-23 18:00:01+00:00,111.0,42.0,69.0,0.0
2024-07-23 18:00:02+00:00,112.0,40.0,72.0,0.0
2024-07-23 18:00:03+00:00,108.0,39.0,69.0,0.0
2024-07-23 18:00:04+00:00,123.0,55.0,68.0,0.0
2024-07-23 18:00:05+00:00,112.0,45.0,67.0,0.0
2024-07-23 18:00:06+00:00,113.0,43.0,70.0,0.0
2024-07-23 18:00:07+00:00,108.0,41.0,67.0,0.0
2024-07-23 18:00:08+00:00,110.0,42.0,68.0,0.0
2024-07-23 18:00:09+00:00,128.0,57.0,71.0,0.0
2024-07-23 18:00:10+00:00,116.0,46.0,70.0,0.0
2024-07-23 18:00:11+00:00,129.0,61.0,68.0,0.0
2024-07-23 18:00:12+00:00,143.0,76.0,67.0,0.0
2024-07-23 18:00:13+00:00,115.0,47.0,68.0,0.0
2024-07-23 18:00:14+00:00,105.0,39.0,66.0,0.0
2024-07-23 18:00:15+00:00,120.0,41.0,79.0,0.0
2024-07-23 18:00:16+00:00,114.0,42.0,72.0,0.0
2024-07-23 18:00:17+00:00,114.0,44.0,70.0,0.0
2024-07-23 18:00:18+00:00,109.0,38.0,71.0,0.0
2024-07-23 18:00:19+00:00,112.0,45.0,67.0,0.0
2024-07-23 18:00:20+00:00,121.0,54.0,67.0,0.0
2024-07-23 18:00:21+00:00,110.0,43.0,67.0,0.0
2024-07-23 18:00:22+00:00,109.0,41.0,68.0,0.0
2024-07-23 18:00:23+00:00,108.0,42.0,66.0,0.0
2024-07-23 18:00:24+00:00,106.0,39.0,67.0,0.0
2024-07-23 18:00:25+00:00,113.0,44.0,69.0,0.0
2024-07-23 18:00:26+00:00,127.0,57.0,70.0,0.0
2024-07-23 18:00:27+00:00,115.0,48.0,67.0,0.0
2024-07-23 18:00:28+00:00,108.0,40.0,68.0,0.0
2024-07-23 18:00:29+00:00,115.0,44.0,71.0,0.0
2024-07-23 18:00:30+00:00,109.0,42.0,67.0,0.0
2024-07-23 18:00:31+00:00,108.0,42.0,66.0,0.0
2024-07-23 18:00:32+00:00,111.0,41.0,70.0,0.0
2024-07-23 18:00:33+00:00,110.0,42.0,68.0,0.0
2024-07-23 18:00:34+00:00,111.0,45.0,66.0,0.0
2024-07-23 18:00:35+00:00,108.0,40.0,68.0,0.0
2024-07-23 18:00:36+00:00,126.0,58.0,68.0,0.0
2024-07-23 18:00:37+00:00,105.0,37.0,68.0,0.0
2024-07-23 18:00:38+00:00,111.0,42.0,69.0,0.0
2024-07-23 18:00:39+00:00,140.0,73.0,67.0,0.0
2024-07-23 18:00:40+00:00,112.0,44.0,68.0,0.0
2024-07-23 18:00:41+00:00,112.0,43.0,69.0,0.0
2024-07-23 18:00:42+00:00,119.0,52.0,67.0,0.0
2024-07-23 18:00:43+00:00,112.0,45.0,67.0,0.0
2024-07-23 18:00:44+00:00,107.0,41.0,66.0,0.0
2024-07-23 18:00:45+00:00,106.0,42.0,64.0,0.0
2024-07-23 18:00:46+00:00,115.0,45.0,70.0,0.0
